controller,scenario,split,seed,success,simulation_success,failure_reason,survived_time,theta_rms_deg,max_abs_theta_deg,max_abs_theta_rad,theta_itae,attitude_settling_time,position_itae,final_abs_position_error,position_settling_time,position_overshoot,position_drift,control_energy,saturation_time,saturation_ratio,disturbance_recovery_time,controller_runtime_seconds,mean_step_runtime_us,simulation_runtime_seconds,controller_evaluation_count,controller_completed_count
ATTITUDE_PID,S1_initial_tilt_3deg,test,2026,1,1,,10,0.204652829187802,3,0.0523598775598299,0.000627659345661401,0.027,2.49816977761321,0.0665500667663556,10,0,0.0665500667663556,0.209273738948041,0.1795,0.017998200179982,0,0.0171228000000001,17.1056943056944,0.1103007,1001,1001
ATTITUDE_PID,S1_initial_tilt_6deg,test,2026,1,1,,10,0.519538536904899,6,0.10471975511966,0.00290127628818362,0.239,5.70591550883613,0.152577814481527,10,0,0.152577814481527,0.386772771070766,0.3495,0.034996500349965,0,0.0149554000000001,14.9404595404596,0.0989955,1001,1001
ATTITUDE_PID,S1_initial_tilt_9deg,test,2026,0,1,task_not_settled,10,0.961991924089775,9,0.15707963267949,0.00793737804217241,0.5,18.3192321385858,0.527512704928635,10,0,0.527512704928635,0.649274589417494,0.6095,0.060993900609939,0,0.0143586000000001,14.3442557442558,0.0929029,1001,1001
ATTITUDE_PID,S1_initial_tilt_12deg,test,2026,1,1,,10,1.60939904207715,12,0.20943951023932,0.0216607546909041,0.741,5.68144296530182,0.132889757139235,10,0,0.132889757139235,0.925677174329767,0.8595,0.085991400859914,0,0.0142708000000001,14.2565434565435,0.0921383,1001,1001
ATTITUDE_PID,S2_position_step_0p25m,test,2026,0,1,task_not_settled,10,0,0,0,0,0,12.375125,0.25,10,0,0,0,0,0,0,0.0145984000000001,14.5838161838163,0.0933901,1001,1001
ATTITUDE_PID,S2_position_step_0p75m,test,2026,0,1,task_not_settled,10,0,0,0,0,0,37.125375,0.75,10,0,0,0,0,0,0,0.0139590000000001,13.9450549450551,0.0909751,1001,1001
ATTITUDE_PID,S2_position_step_1p0m,test,2026,0,1,task_not_settled,10,0,0,0,0,0,49.5005,1,10,0,0,0,0,0,0,0.0140206000000001,14.0065934065935,0.090772,1001,1001
ATTITUDE_PID,S2_saturation_stress,test,2026,0,1,task_not_settled,10,0.914289969806217,8,0.139626340159546,0.0130076731362312,0.5,53.6352796738723,1.15673983056261,10,0,0.156739830562612,0.832645037741776,0.7395,0.073992600739926,10,0.0137357000000001,13.7219780219781,0.0898809,1001,1001
ATTITUDE_PID,S3_positive_impulse,test,2026,0,1,task_not_settled,10,0.0618112915431525,0.662472891023272,0.0115623331535617,0.0101958790091874,0,26.4063862019031,0.565894683193172,10,0,0.0658946831931723,0.117550086138864,0.0300000000000002,0.002999700029997,10,0.0139356000000001,13.9216783216784,0.0910895,1001,1001
ATTITUDE_PID,S3_negative_impulse,test,2026,0,1,task_not_settled,10,0.0618112915431525,0.662472891023272,0.0115623331535617,0.0101958790091874,0,23.0941137980969,0.434105316806828,10,0,0.0658946831931723,0.117550086138864,0.0300000000000002,0.002999700029997,10,0.0144779000000001,14.4634365634367,0.0916677,1001,1001
ATTITUDE_PID,S3_torque_impulse,test,2026,0,1,task_not_settled,10,0.0408084576153352,0.480032898552791,0.00837815459763813,0.00569318845088101,0,73.7665316794153,3.24160541534395,10,3.24160541534395,3.74160541534395,0.0571220685005968,0,0,10,0.0147180000000001,14.7032967032968,0.0927509,1001,1001
ATTITUDE_PID,S5_constant_bias,test,2026,0,1,task_not_settled,10,0.0254268395101405,0.0614015431830681,0.00107165909435002,0.0177633722861565,0,31.1936421666035,0.74300936835657,10,0,0.24300936835657,0.0454119189556357,0,0,0,0.0137943000000001,13.7805194805196,0.0907258,1001,1001
CASCADE_PID,S1_initial_tilt_3deg,test,2026,1,1,,10,0.299942499794785,3,0.0523598775598299,0.0105958055036233,0.061,0.0425138978654812,2.08397397198536e-05,0,0,2.08397397198536e-05,0.00325573314008296,0,0,0,0.0205272000000001,20.5066933066934,0.0993473,1001,1001
CASCADE_PID,S1_initial_tilt_6deg,test,2026,1,1,,10,0.601311690507628,6,0.10471975511966,0.0212885723112577,0.12,0.0853675404032499,4.18576740556709e-05,1.073,0,4.18576740556709e-05,0.0131494470296648,0,0,0,0.0195155000000002,19.4960039960041,0.0976248,1001,1001
CASCADE_PID,S1_initial_tilt_9deg,test,2026,1,1,,10,0.926138193663279,9,0.15707963267949,0.0328846343843731,0.686,0.13133875814355,6.42624738037916e-05,1.345,0,6.42624738037916e-05,0.0260974557439555,0.0095,0.000999900009999,0,0.0208978000000001,20.8769230769232,0.1011372,1001,1001
CASCADE_PID,S1_initial_tilt_12deg,test,2026,1,1,,10,1.28677513922381,12,0.20943951023932,0.0459448206377719,0.789,0.182333156359611,8.88754214727913e-05,1.528,0,8.88754214727913e-05,0.0414760141297459,0.0295,0.002999700029997,0,0.0205962000000002,20.5756243756246,0.0996732,1001,1001
CASCADE_PID,S2_position_step_0p25m,test,2026,1,1,,10,0.566898577791682,2.68585933566593,0.046877088652798,0.0784720460745428,1.418,0.460177708231902,0.000124502417988059,1.451,0.000124502417988059,0.250124502417988,0.00556599276622884,0,0,0,0.0204172000000001,20.3968031968033,0.0995724,1001,1001
CASCADE_PID,S2_position_step_0p75m,test,2026,1,1,,10,1.68574890610138,7.97019733121981,0.139106185463451,0.235836654989098,2.706,1.39511914041868,0.000376647625881854,2.068,0.000376647625881854,0.750376647625882,0.04067639241157,0.0100000000000001,0.000999900009999,0,0.0205043000000002,20.4838161838164,0.099602,1001,1001
CASCADE_PID,S2_position_step_1p0m,test,2026,1,1,,10,2.16785844433428,9.93037493077333,0.173317738499499,0.317208765257226,2.921,1.94236848975949,0.00051959820335501,2.28,0.00051959820335501,1.00051959820336,0.053678181644951,0.0100000000000001,0.000999900009999,0,0.0220606000000003,22.0385614385617,0.1035262,1001,1001
CASCADE_PID,S2_saturation_stress,test,2026,1,1,,10,2.06276752810522,8.98798880910444,0.156869997851277,0.217313758171742,1.656,1.47510813948006,0.000498232122296605,2.522,0.000498232122296605,1.0004982321223,0.253361560113989,0.1295,0.012998700129987,1.223,0.0204897000000001,20.4692307692309,0.0996564,1001,1001
CASCADE_PID,S3_positive_impulse,test,2026,1,1,,10,1.26848709384512,5.37083528218548,0.0937387592564154,0.312116755165401,4.266,1.26956006704583,0.000265162284579956,4.103,0.00868845898495818,0.50026516228458,0.138181953422306,0,0,0,0.0202855000000001,20.2652347652349,0.0993221,1001,1001
CASCADE_PID,S3_negative_impulse,test,2026,1,1,,10,1.26452919186977,5.37083528218548,0.0937387592564154,0.311149846636477,4.261,1.26490060317347,0.000232371940416365,4.065,0.0587208247225778,0.500232371940416,0.137077053086268,0,0,0,0.0211882000000001,21.1670329670331,0.1014376,1001,1001
CASCADE_PID,S3_torque_impulse,test,2026,1,1,,10,2.1615802768184,8.94295131271179,0.15608394525237,0.667409021366228,4.935,2.35930033460129,0.000158426549599966,4.767,0.259325575738357,0.5001584265496,0.110076866408231,0,0,1.257,0.0209286000000002,20.9076923076925,0.1006842,1001,1001
CASCADE_PID,S5_constant_bias,test,2026,1,1,,10,1.15611307167048,5.51065399927433,0.0961790562255304,0.158191659635277,2.317,2.55711066548527,0.0332287013219236,2.47,0,0.466771298678076,0.0660848888805908,0.0100000000000001,0.000999900009999,0,0.0199179000000001,19.8980019980021,0.0984559,1001,1001
FUZZY_PID,S1_initial_tilt_3deg,test,2026,1,1,,10,0.234472614217886,3,0.0523598775598299,0.00536229735561384,0.044,0.0254850044308563,0.000164621203107739,0,0,0.000164621203107739,0.00819109607448297,0,0,0,0.0733724000000001,73.299100899101,0.1633144,1001,1001
FUZZY_PID,S1_initial_tilt_6deg,test,2026,1,1,,10,0.468293232826186,6,0.10471975511966,0.00996924260830133,0.207,0.0460371884370787,0.000281301708007329,0.189,0,0.000281301708007329,0.0412506091870962,0.0095,0.000999900009999,0,0.0647582,64.6935064935065,0.1513568,1001,1001
FUZZY_PID,S1_initial_tilt_9deg,test,2026,1,1,,10,0.771083403700446,9,0.15707963267949,0.0164661635634347,0.262,0.0682174015592184,0.000300449912679756,0.74,0,0.000300449912679756,0.0888461547517128,0.0395,0.003999600039996,0,0.0603188999999998,60.2586413586411,0.1454508,1001,1001
FUZZY_PID,S1_initial_tilt_12deg,test,2026,1,1,,10,1.12805442542846,12,0.20943951023932,0.0261238400613927,0.317,0.0991436338392929,0.000276179537589178,1.072,0,0.000276179537589178,0.133162691646698,0.0695,0.006999300069993,0,0.059432,59.3726273726274,0.1436341,1001,1001
FUZZY_PID,S2_position_step_0p25m,test,2026,1,1,,10,0.695757084608898,4.4433658261276,0.0775513635365245,0.0916817413265375,1.327,0.395813978884276,0.000315665321687919,1.196,0.0147086841495435,0.250315665321688,0.0166688724462978,0,0,0,0.0610503999999999,60.9894105894105,0.1468796,1001,1001
FUZZY_PID,S2_position_step_0p75m,test,2026,1,1,,10,1.9551872787796,11.1262141062959,0.194189069436702,0.275860334277108,2.922,1.23782919093198,0.000888838919151036,1.51,0.0437177784165369,0.750888838919151,0.0802067540555407,0.03,0.002999700029997,0,0.0611379,61.0768231768231,0.1463585,1001,1001
FUZZY_PID,S2_position_step_1p0m,test,2026,1,1,,10,2.48405012643019,12.5939343262528,0.219805619773045,0.371832236698522,3.144,1.7293393183237,0.00129604797410621,2.709,0.0579734980808424,1.00129604797411,0.0925262272877728,0.03,0.002999700029997,0,0.0701775000000001,70.1073926073928,0.1612035,1001,1001
FUZZY_PID,S2_saturation_stress,test,2026,1,1,,10,2.95362836223088,14.509263120512,0.253234413491121,0.298066910491679,2.649,1.40956148652632,0.001297691401696,2.112,0.0284962432436102,1.0012976914017,0.519569114687694,0.3495,0.034996500349965,1.015,0.0598448999999999,59.7851148851148,0.1445677,1001,1001
FUZZY_PID,S3_positive_impulse,test,2026,1,1,,10,1.54826793410799,8.83282842198341,0.154161938227346,0.345571772002876,4.461,1.08730594679294,0.000895798748766663,1.39,0.0346236244205155,0.500895798748767,0.229355502023175,0.0200000000000001,0.001999800019998,0,0.0616684999999999,61.606893106893,0.1477809,1001,1001
FUZZY_PID,S3_negative_impulse,test,2026,1,1,,10,1.54136759134729,8.83282842198341,0.154161938227346,0.333937731236036,4.445,1.06607602962597,0.000233856450314818,3.818,0.0541010510357526,0.500233856450315,0.22988703007798,0.0200000000000001,0.001999800019998,0,0.0605638999999998,60.5033966033964,0.1466067,1001,1001
FUZZY_PID,S3_torque_impulse,test,2026,1,1,,10,2.21276806690149,10.0091215968142,0.17469212709688,0.668943001006817,4.916,2.20360490270115,0.000481021725648678,4.76,0.234159052881768,0.500481021725649,0.20197032700183,0.0200000000000001,0.001999800019998,1.301,0.0587369000000001,58.6782217782219,0.1432511,1001,1001
FUZZY_PID,S5_constant_bias,test,2026,1,1,,10,1.39497814061893,8.89076766285035,0.15517316874658,0.183933838945937,2.49,1.90874030428716,0.0270532948737079,1.548,0.00016855153076778,0.472946705126292,0.110254180952861,0.0200000000000001,0.001999800019998,0,0.0597035,59.6438561438561,0.1463796,1001,1001
LQR,S1_initial_tilt_3deg,test,2026,1,1,,10,0.190037690917664,3,0.0523598775598299,0.00639281073965484,0.031,0.0639911129938979,4.18906371741147e-06,0,0,4.18906371741147e-06,0.0163817887467661,0.0095,0.000999900009999,0,0.0133371,13.3237762237762,0.1128861,1001,1001
LQR,S1_initial_tilt_6deg,test,2026,1,1,,10,0.423956913738551,6,0.10471975511966,0.0143608853561886,0.071,0.142257643502733,9.21022040406631e-06,1.128,0,9.21022040406631e-06,0.0352636212422265,0.0295,0.002999700029997,0,0.0130531,13.0400599400599,0.0933605,1001,1001
LQR,S1_initial_tilt_9deg,test,2026,1,1,,10,0.699323830281103,9,0.15707963267949,0.0242324159469468,0.094,0.237557717366593,1.52175712770316e-05,1.86,0,1.52175712770316e-05,0.0597735309923854,0.0495,0.004999500049995,0,0.0124927,12.4802197802198,0.0917627,1001,1001
LQR,S1_initial_tilt_12deg,test,2026,1,1,,10,1.0198223639349,12,0.20943951023932,0.0365482771530691,0.387,0.354481264271215,2.24666481541048e-05,2.273,0,2.24666481541048e-05,0.0870996681483252,0.0595,0.005999400059994,0,0.0124222,12.4097902097902,0.0907385,1001,1001
LQR,S2_position_step_0p25m,test,2026,1,1,,10,0.315772632878288,1.54723364337507,0.0270043213745227,0.0620629226232083,0,0.738155527112671,4.64569974404916e-05,2.115,0.00348212744475862,0.24995354300256,0.0118957172569303,0.0100000000000001,0.000999900009999,0,0.0127631,12.7503496503497,0.0919175,1001,1001
LQR,S2_position_step_0p75m,test,2026,1,1,,10,0.945084038793198,4.63394807829729,0.0808776513327517,0.186709010269709,1.546,2.22970463496909,0.000139400631234632,2.782,0.010443419854542,0.749860599368765,0.0375297989816239,0.0200000000000001,0.001999800019998,0,0.0127128,12.7000999000999,0.0916621,1001,1001
LQR,S2_position_step_1p0m,test,2026,1,1,,10,1.25788482301788,6.17146101374052,0.107712314348239,0.249110068329961,1.631,2.98000290926053,0.000185852392246222,2.917,0.0139212881394544,0.999814147607754,0.0541060871446298,0.03,0.002999700029997,0,0.012489,12.4765234765235,0.0910215,1001,1001
LQR,S2_saturation_stress,test,2026,1,1,,10,1.24144643991167,8,0.139626340159546,0.176308892836366,1.098,2.14559641284496,0.000142561650447015,2.973,0.0117133769141022,0.999857438349553,0.258824128313337,0.0695,0.006999300069993,1.704,0.0125949,12.5823176823177,0.091762,1001,1001
LQR,S3_positive_impulse,test,2026,1,1,,10,0.652019757816844,3.09243495177287,0.0539731718121886,0.125102395891572,1.401,1.50336677624502,0.000105927991245869,2.565,0.000201798992377156,0.500105927991246,0.130930807053069,0.0100000000000001,0.000999900009999,0,0.0129374,12.9244755244756,0.092541,1001,1001
LQR,S3_negative_impulse,test,2026,1,1,,10,0.644650001591128,3.09243495177287,0.0539731718121886,0.151303466340013,1.401,1.66542206817691,0.00029159405139606,2.565,0.0233144365796519,0.499708405948604,0.126670806453502,0.0100000000000001,0.000999900009999,0,0.0120151,12.0030969030969,0.0900449,1001,1001
LQR,S3_torque_impulse,test,2026,1,1,,10,1.53313361265403,6.29022928580422,0.109785211742655,0.575903954449643,5.054,4.4464083538746,0.00307683314768825,6.091,0.276180023152948,0.496923166852312,0.100000268340719,0.0100000000000001,0.000999900009999,2.382,0.0127045,12.6918081918082,0.0922345,1001,1001
LQR,S5_constant_bias,test,2026,1,1,,10,0.632380826508599,3.10327753062377,0.0541624105125439,0.123561667115765,1.406,2.1174380747182,0.0165574650396472,2.777,0,0.483442534960353,0.0688748096905539,0.0200000000000001,0.001999800019998,0,0.0119435,11.9315684315684,0.089706,1001,1001
LQI,S1_initial_tilt_3deg,test,2026,1,1,,10,0.247360744009716,3,0.0523598775598299,0.00768961192134373,0.029,0.0264515264431031,1.14067841891795e-08,0,0,1.14067841891795e-08,0.0217375341800634,0.0095,0.000999900009999,0,0.0314652,31.4337662337663,0.1153718,1001,1001
LQI,S1_initial_tilt_6deg,test,2026,1,1,,10,0.558277848180266,6,0.10471975511966,0.0169293002540257,0.333,0.0573779599450951,2.49807399671124e-08,0.304,0,2.49807399671124e-08,0.0495402585594304,0.0395,0.003999600039996,0,0.0291969,29.1677322677323,0.1106369,1001,1001
LQI,S1_initial_tilt_9deg,test,2026,1,1,,10,0.936731549839364,9,0.15707963267949,0.0281991042855778,0.433,0.094074430250999,4.13836893578437e-08,0.512,0,4.13836893578437e-08,0.082686543183582,0.0595,0.005999400059994,0,0.0284021,28.3737262737262,0.1097541,1001,1001
LQI,S1_initial_tilt_12deg,test,2026,1,1,,10,1.38832890901992,12,0.20943951023932,0.042019237642881,0.494,0.137914596998687,6.13410588787221e-08,0.617,0,6.13410588787221e-08,0.124290001865476,0.0795,0.007999200079992,0,0.0289058,28.8769230769231,0.1109087,1001,1001
LQI,S2_position_step_0p25m,test,2026,1,1,,10,0.353896983092698,1.45659745613252,0.0254224214856862,0.0691469930890855,0,0.71850945642214,3.44689366771345e-07,2.048,3.74438409733724e-06,0.250000344689367,0.000818892277448702,0,0,0,0.0283244,28.2961038961039,0.1101354,1001,1001
LQI,S2_position_step_0p75m,test,2026,1,1,,10,1.05980043086898,4.36363385535054,0.076159778127361,0.207198839955839,1.771,2.15568039928284,1.03517317173729e-06,2.77,1.12697689190755e-05,0.750001035173172,0.00736951928537169,0,0,0,0.0278256000000001,27.7978021978023,0.1094525,1001,1001
LQI,S2_position_step_1p0m,test,2026,1,1,,10,1.41087119044149,5.811002893703,0.101421133338035,0.275984306640862,2.953,2.87441686266131,1.38151411555043e-06,2.946,1.50691662277325e-05,1.00000138151412,0.0131006139409528,0,0,0,0.0282932,28.2649350649351,0.1097951,1001,1001
LQI,S2_saturation_stress,test,2026,1,1,,10,1.75107294195543,8,0.139626340159546,0.234711691579287,2.603,2.19397374387048,5.91320498566361e-07,2.946,2.01419211351972e-05,1.0000005913205,0.227418326017624,0.0495,0.004999500049995,1.626,0.0282666,28.2383616383617,0.1096247,1001,1001
LQI,S3_positive_impulse,test,2026,1,1,,10,0.728900229054977,2.91165299530012,0.050817931443542,0.165179010869797,1.654,1.47544485000285,5.95269296266299e-06,2.515,0.00236189379367202,0.500005952692963,0.110509816774626,0,0,0,0.0290137,28.9847152847153,0.1111404,1001,1001
LQI,S3_negative_impulse,test,2026,1,1,,10,0.726996424438447,2.91165299530012,0.050817931443542,0.160917014572924,1.654,1.4464103821125,4.56776522533842e-06,2.515,0.00111125468487094,0.499995432234775,0.10707365173878,0,0,0,0.0284947,28.4662337662337,0.1097265,1001,1001
LQI,S3_torque_impulse,test,2026,1,1,,10,2.44619941636392,15.1126197094166,0.263764972531109,0.643030169995812,4.606,2.19286529947462,6.14792897678518e-05,4.746,0.15566227778172,0.499938520710232,0.178238111404333,0.0600000000000001,0.005999400059994,0.388,0.0325197000000001,32.4872127872129,0.119492,1001,1001
LQI,S5_constant_bias,test,2026,1,1,,10,0.710216364509184,2.92138256319306,0.0509877444380702,0.139097770041534,1.654,1.44271308174909,6.91365958926937e-07,2.516,7.529397768824e-06,0.500000691365959,0.0475117193582384,0,0,0,0.033155,33.1218781218781,0.1211562,1001,1001
